Вкладка;№ п/п;Раздел;Конструкция;Участок/фундамент
1. ОПН;1;ОПн1-ОПн14.1;ОПн1;Фм-9
1. ОПН;3;ОПн1-ОПн14.1;ОПн3;Фм-9
1. ОПН;4;ОПн1-ОПн14.1;ОПн3.1;Фм-9
1. ОПН;5;ОПн1-ОПн14.1;ОПн4;Фм-9
1. ОПН;6;ОПн1-ОПн14.1;ОПн5;Фм-9
1. ОПН;8;ОПн1-ОПн14.1;ОПн7;Фм-9
1. ОПН;10;ОПн1-ОПн14.1;ОПн13;Фм-9
1. ОПН;2;ОПн1-ОПн14.1;ОПн2;Фм-10
1. ОПН;7;ОПн1-ОПн14.1;ОПн6;Фм-10
1. ОПН;9;ОПн1-ОПн14.1;ОПн8;Фм-24
1. ОПН;11;ОПн1-ОПн14.1;ОПн14;Фм-28
1. ОПН;12;ОПн1-ОПн14.1;ОПн14.1;Фм-28
1. ОПН;13;ОПн24-ОПн116;ОПн24;Фм-8
1. ОПН;14;ОПн24-ОПн116;ОПн111.1;Фм-2
1. ОПН;15;ОПн24-ОПн116;ОПн111.2;Фм-7
1. ОПН;16;ОПн24-ОПн116;ОПн112;Фм-7
1. ОПН;17;ОПн24-ОПн116;ОПн113;Фм-7
1. ОПН;18;ОПн24-ОПн116;ОПн114;Фм-8
1. ОПН;19;ОПн24-ОПн116;ОПн114.1;Фм-2
1. ОПН;20;ОПн24-ОПн116;ОПн116;Фм-2
1. ОПН;21;ОПн58;ОПн58;Фм-3
1. ОПН;22;ОПн118;ОПн118;Фм-2
1. ОПН;23;ОПн119-ОПн153;ОПн119;Фм-7
1. ОПН;24;ОПн119-ОПн153;ОПн120;Фм-7
1. ОПН;25;ОПн119-ОПн153;ОПн120.1;Фм-24
1. ОПН;26;ОПн119-ОПн153;ОПн123;Фм-8
1. ОПН;27;ОПн119-ОПн153;ОПн124;Фм-8
1. ОПН;28;ОПн119-ОПн153;ОПн153;Фм-8
1. ОПН;29;ОПн154-ОПн253.3;ОПн154;Фм-7
1. ОПН;30;ОПн154-ОПн253.3;ОПн155;Фм-7
1. ОПН;31;ОПн154-ОПн253.3;ОПн156;Фм-7
1. ОПН;32;ОПн154-ОПн253.3;ОПн157;Фм-3
1. ОПН;33;ОПн154-ОПн253.3;ОПн158;Фм-3
1. ОПН;34;ОПн154-ОПн253.3;ОПн159;Фм-3
1. ОПН;35;ОПн154-ОПн253.3;ОПн160;Фм-2
1. ОПН;36;ОПн154-ОПн253.3;ОПн161;Фм-3
1. ОПН;37;ОПн154-ОПн253.3;ОПн162;Фм-7
1. ОПН;38;ОПн154-ОПн253.3;ОПн163;Фм-7
1. ОПН;39;ОПн154-ОПн253.3;ОПн164;Фм-7
1. ОПН;40;ОПн154-ОПн253.3;ОПн165;Фм-3
1. ОПН;41;ОПн154-ОПн253.3;ОПн166;Фм-2
1. ОПН;42;ОПн154-ОПн253.3;ОПн253.3;Фм-28
1. ОПН;43;ОПн254-ОПн273.1;ОПн254;Фм-17
1. ОПН;44;ОПн254-ОПн273.1;ОПн255;Фм-18
1. ОПН;45;ОПн254-ОПн273.1;ОПн256;Фм-17
1. ОПН;46;ОПн254-ОПн273.1;ОПн257;Фм-17
1. ОПН;47;ОПн254-ОПн273.1;ОПн258;Фм-17
1. ОПН;48;ОПн254-ОПн273.1;ОПн259;Фм-16
1. ОПН;49;ОПн254-ОПн273.1;ОПн260;Фм-14
1. ОПН;50;ОПн254-ОПн273.1;ОПн261;Фм-15
1. ОПН;51;ОПн254-ОПн273.1;ОПн262;Фм-15
1. ОПН;52;ОПн254-ОПн273.1;ОПн263;Фм-14
1. ОПН;53;ОПн254-ОПн273.1;ОПн264;Фм-15
1. ОПН;54;ОПн254-ОПн273.1;ОПн265;Фм-15
1. ОПН;55;ОПн254-ОПн273.1;ОПн266;Фм-14
1. ОПН;56;ОПн254-ОПн273.1;ОПн267;Фм-14
1. ОПН;57;ОПн254-ОПн273.1;ОПн268;Фм-16
1. ОПН;58;ОПн254-ОПн273.1;ОПн269;Фм-14
1. ОПН;59;ОПн254-ОПн273.1;ОПн270;Фм-14
1. ОПН;60;ОПн254-ОПн273.1;ОПн271;Фм-15
1. ОПН;61;ОПн254-ОПн273.1;ОПн272;Фм-15
1. ОПН;62;ОПн254-ОПн273.1;ОПн273;Фм-17
1. ОПН;63;ОПн254-ОПн273.1;ОПн273.1;Фм-18
1. ОПН;64;ОПн274-ОПн299;ОПн274;Фм-17
1. ОПН;65;ОПн274-ОПн299;ОПн275;Фм-14
1. ОПН;66;ОПн274-ОПн299;ОПн276;Фм-14
1. ОПН;67;ОПн274-ОПн299;ОПн277;Фм-14
1. ОПН;68;ОПн274-ОПн299;ОПн278;Фм-15
1. ОПН;69;ОПн274-ОПн299;ОПн279;Фм-33
1. ОПН;70;ОПн274-ОПн299;ОПн280;Фм-15
1. ОПН;71;ОПн274-ОПн299;ОПн281;Фм-33
1. ОПН;72;ОПн274-ОПн299;ОПн282;Фм-15
1. ОПН;73;ОПн274-ОПн299;ОПн283;Фм-14
1. ОПН;74;ОПн274-ОПн299;ОПн284;Фм-14
1. ОПН;75;ОПн274-ОПн299;ОПн285;Фм-14
1. ОПН;76;ОПн274-ОПн299;ОПн286;Фм-14
1. ОПН;77;ОПн274-ОПн299;ОПн287;Фм-14
1. ОПН;78;ОПн274-ОПн299;ОПн288;Фм-15
1. ОПН;79;ОПн274-ОПн299;ОПн289;Фм-33
1. ОПН;80;ОПн274-ОПн299;ОПн290;Фм-15
1. ОПН;81;ОПн274-ОПн299;ОПн291;Фм-33
1. ОПН;82;ОПн274-ОПн299;ОПн292;Фм-15
1. ОПН;83;ОПн274-ОПн299;ОПн293;Фм-14
1. ОПН;84;ОПн274-ОПн299;ОПн294;Фм-14
1. ОПН;85;ОПн274-ОПн299;ОПн295;Фм-16
1. ОПН;86;ОПн274-ОПн299;ОПн296;Фм-16
1. ОПН;87;ОПн274-ОПн299;ОПн297;Фм-14
1. ОПН;88;ОПн274-ОПн299;ОПн298;Фм-15
1. ОПН;89;ОПн274-ОПн299;ОПн299;Фм-15
1. ОПН;90;ОПн300-ОПн304;ОПн300;Фм-17
1. ОПН;91;ОПн300-ОПн304;ОПн301;Фм-17
1. ОПН;92;ОПн300-ОПн304;ОПн302;Фм-19
1. ОПН;93;ОПн300-ОПн304;ОПн303;Фм-17
1. ОПН;94;ОПн300-ОПн304;ОПн304;Фм-17
2. ОПН (рсм);1;ОПн15-ОПн18;ОПн15;рсм
2. ОПН (рсм);2;ОПн15-ОПн18;ОПн16;рсм
2. ОПН (рсм);3;ОПн15-ОПн18;ОПн17;рсм2
2. ОПН (рсм);4;ОПн15-ОПн18;ОПн18;рсм2
2. ОПН (рсм);5;ОПн19-ОПн57;ОПн19;рсм
2. ОПН (рсм);6;ОПн19-ОПн57;ОПн20;рсм
2. ОПН (рсм);7;ОПн19-ОПн57;ОПн21;рсм
2. ОПН (рсм);8;ОПн19-ОПн57;ОПн22;рсм
2. ОПН (рсм);9;ОПн19-ОПн57;ОПн23;рсм
2. ОПН (рсм);10;ОПн19-ОПн57;ОПн25;рсм
2. ОПН (рсм);11;ОПн19-ОПн57;ОПн26;рсм
2. ОПН (рсм);12;ОПн19-ОПн57;ОПн27;рсм
2. ОПН (рсм);13;ОПн19-ОПн57;ОПн28;рсм
2. ОПН (рсм);14;ОПн19-ОПн57;ОПн29;рсм
2. ОПН (рсм);15;ОПн19-ОПн57;ОПн30;рсм
2. ОПН (рсм);16;ОПн19-ОПн57;ОПн31;рсм
2. ОПН (рсм);17;ОПн19-ОПн57;ОПн32;рсм
2. ОПН (рсм);18;ОПн19-ОПн57;ОПн33;рсм
2. ОПН (рсм);19;ОПн19-ОПн57;ОПн34;рсм
2. ОПН (рсм);20;ОПн19-ОПн57;ОПн35;рсм
2. ОПН (рсм);21;ОПн19-ОПн57;ОПн36;рсм
2. ОПН (рсм);22;ОПн19-ОПн57;ОПн37;рсм
2. ОПН (рсм);23;ОПн19-ОПн57;ОПн38;рсм
2. ОПН (рсм);24;ОПн19-ОПн57;ОПн39;рсм
2. ОПН (рсм);25;ОПн19-ОПн57;ОПн40;рсм
2. ОПН (рсм);26;ОПн19-ОПн57;ОПн41;рсм
2. ОПН (рсм);27;ОПн19-ОПн57;ОПн42;рсм
2. ОПН (рсм);28;ОПн19-ОПн57;ОПн43;рсм
2. ОПН (рсм);29;ОПн19-ОПн57;ОПн44;рсм
2. ОПН (рсм);30;ОПн19-ОПн57;ОПн45;рсм
2. ОПН (рсм);31;ОПн19-ОПн57;ОПн46;рсм
2. ОПН (рсм);32;ОПн19-ОПн57;ОПн47;рсм
2. ОПН (рсм);33;ОПн19-ОПн57;ОПн57;рсм
2. ОПН (рсм);34;ОПн48-ОПн117;ОПн48;рсм
2. ОПН (рсм);35;ОПн48-ОПн117;ОПн49;рсм
2. ОПН (рсм);36;ОПн48-ОПн117;ОПн50;рсм
2. ОПН (рсм);37;ОПн48-ОПн117;ОПн51;рсм
2. ОПН (рсм);38;ОПн48-ОПн117;ОПн52;рсм
2. ОПН (рсм);39;ОПн48-ОПн117;ОПн53;рсм
2. ОПН (рсм);40;ОПн48-ОПн117;ОПн54;рсм
2. ОПН (рсм);41;ОПн48-ОПн117;ОПн55;рсм
2. ОПН (рсм);42;ОПн48-ОПн117;ОПн56;рсм
2. ОПН (рсм);43;ОПн48-ОПн117;ОПн115;рсм
2. ОПН (рсм);44;ОПн48-ОПн117;ОПн117;рсм
2. ОПН (рсм);45;ОПн59-ОПн103;ОПн59;рсм
2. ОПН (рсм);46;ОПн59-ОПн103;ОПн60;рсм
2. ОПН (рсм);47;ОПн59-ОПн103;ОПн61;рсм
2. ОПН (рсм);48;ОПн59-ОПн103;ОПн62;рсм
2. ОПН (рсм);49;ОПн59-ОПн103;ОПн63;рсм
2. ОПН (рсм);50;ОПн59-ОПн103;ОПн64;рсм
2. ОПН (рсм);51;ОПн59-ОПн103;ОПн65;рсм
2. ОПН (рсм);52;ОПн59-ОПн103;ОПн77;рсм
2. ОПН (рсм);53;ОПн59-ОПн103;ОПн102;рсм
2. ОПН (рсм);54;ОПн59-ОПн103;ОПн103;рсм
2. ОПН (рсм);55;Опн 67- 253.2;ОПн67;рсм
2. ОПН (рсм);56;Опн 67- 253.2;ОПн68;рсм
2. ОПН (рсм);57;Опн 67- 253.2;ОПн69;рсм
2. ОПН (рсм);58;Опн 67- 253.2;ОПн70;рсм
2. ОПН (рсм);59;Опн 67- 253.2;ОПн71;рсм
2. ОПН (рсм);60;Опн 67- 253.2;ОПн72;рсм
2. ОПН (рсм);61;Опн 67- 253.2;ОПн73;рсм2
2. ОПН (рсм);62;Опн 67- 253.2;ОПн76;рсм
2. ОПН (рсм);63;Опн 67- 253.2;ОПн78;рсм
2. ОПН (рсм);64;Опн 67- 253.2;ОПн79;рсм
2. ОПН (рсм);65;Опн 67- 253.2;ОПн80;рсм
2. ОПН (рсм);66;Опн 67- 253.2;ОПн81;рсм
2. ОПН (рсм);67;Опн 67- 253.2;ОПн82;рсм2
2. ОПН (рсм);68;Опн 67- 253.2;ОПн84;рсм
2. ОПН (рсм);69;Опн 67- 253.2;ОПн85;рсм
2. ОПН (рсм);70;Опн 67- 253.2;ОПн86;рсм
2. ОПН (рсм);71;Опн 67- 253.2;ОПн87;рсм2
2. ОПН (рсм);72;Опн 67- 253.2;ОПн88;рсм
2. ОПН (рсм);73;Опн 67- 253.2;ОПн89;рсм
2. ОПН (рсм);74;Опн 67- 253.2;ОПн90;рсм
2. ОПН (рсм);75;Опн 67- 253.2;ОПн91;рсм
2. ОПН (рсм);76;Опн 67- 253.2;ОПн92;рсм2
2. ОПН (рсм);77;Опн 67- 253.2;ОПн93;рсм
2. ОПН (рсм);78;Опн 67- 253.2;ОПн94;рсм
2. ОПН (рсм);79;Опн 67- 253.2;ОПн95;рсм
2. ОПН (рсм);80;Опн 67- 253.2;ОПн96;рсм
2. ОПН (рсм);81;Опн 67- 253.2;ОПн97;рсм
2. ОПН (рсм);82;Опн 67- 253.2;ОПн98;рсм
2. ОПН (рсм);83;Опн 67- 253.2;ОПн99;рсм
2. ОПН (рсм);84;Опн 67- 253.2;ОПн100;рсм
2. ОПН (рсм);85;Опн 67- 253.2;ОПн101;рсм
2. ОПН (рсм);86;Опн 67- 253.2;ОПн104;рсм
2. ОПН (рсм);87;Опн 67- 253.2;ОПн105;рсм
2. ОПН (рсм);88;Опн 67- 253.2;ОПн106;рсм
2. ОПН (рсм);89;Опн 67- 253.2;ОПн107;рсм
2. ОПН (рсм);90;Опн 67- 253.2;ОПн108;рсм
2. ОПН (рсм);91;Опн 67- 253.2;ОПн109;рсм
2. ОПН (рсм);92;Опн 67- 253.2;ОПн110;рсм
2. ОПН (рсм);93;Опн 67- 253.2;ОПн111;рсм
2. ОПН (рсм);94;Опн 67- 253.2;ОПн187;рсм3
2. ОПН (рсм);95;Опн 67- 253.2;ОПн191;рсм3
2. ОПН (рсм);96;Опн 67- 253.2;ОПн192;рсм5
2. ОПН (рсм);97;Опн 67- 253.2;ОПн193;рсм
2. ОПН (рсм);98;Опн 67- 253.2;ОПн194;рсм
2. ОПН (рсм);99;Опн 67- 253.2;ОПн195;рсм
2. ОПН (рсм);100;Опн 67- 253.2;ОПн196;рсм2
2. ОПН (рсм);101;Опн 67- 253.2;ОПн199;рсм
2. ОПН (рсм);102;Опн 67- 253.2;ОПн227;рсм
2. ОПН (рсм);103;Опн 67- 253.2;ОПн228;рсм
2. ОПН (рсм);104;Опн 67- 253.2;ОПн229;рсм
2. ОПН (рсм);105;Опн 67- 253.2;ОПн230;рсм
2. ОПН (рсм);106;Опн 67- 253.2;ОПн231;рсм
2. ОПН (рсм);107;Опн 67- 253.2;ОПн232;рсм
2. ОПН (рсм);108;Опн 67- 253.2;ОПн233;рсм
2. ОПН (рсм);109;Опн 67- 253.2;ОПн234;рсм
2. ОПН (рсм);110;Опн 67- 253.2;ОПн235;рсм
2. ОПН (рсм);111;Опн 67- 253.2;ОПн236;рсм
2. ОПН (рсм);112;Опн 67- 253.2;ОПн237;рсм
2. ОПН (рсм);113;Опн 67- 253.2;ОПн238;рсм
2. ОПН (рсм);114;Опн 67- 253.2;ОПн239;рсм
2. ОПН (рсм);115;Опн 67- 253.2;ОПн240;рсм
2. ОПН (рсм);116;Опн 67- 253.2;ОПн241;рсм
2. ОПН (рсм);117;Опн 67- 253.2;ОПн243;рсм
2. ОПН (рсм);118;Опн 67- 253.2;ОПн244;рсм
2. ОПН (рсм);119;Опн 67- 253.2;ОПн245;рсм
2. ОПН (рсм);120;Опн 67- 253.2;ОПн246;рсм
2. ОПН (рсм);121;Опн 67- 253.2;ОПн247;рсм
2. ОПН (рсм);122;Опн 67- 253.2;ОПн248;рсм
2. ОПН (рсм);123;Опн 67- 253.2;ОПн249;рсм
2. ОПН (рсм);124;Опн 67- 253.2;ОПн250;рсм
2. ОПН (рсм);125;Опн 67- 253.2;ОПн251;рсм
2. ОПН (рсм);126;Опн 67- 253.2;ОПн252;рсм2
2. ОПН (рсм);127;Опн 67- 253.2;ОПн253;рсм
2. ОПН (рсм);128;Опн 67- 253.2;ОПн253.1;рсм
2. ОПН (рсм);129;Опн 67- 253.2;ОПн253.2;рсм
2. ОПН (рсм);130;Опн 67- 253.2;ОПн125;рсм6
2. ОПН (рсм);131;Опн 67- 253.2;ОПн126;рсм6
2. ОПН (рсм);132;Опн 67- 253.2;ОПн127;рсм6
2. ОПН (рсм);133;Опн 67- 253.2;ОПн128;рсм6
2. ОПН (рсм);134;Опн 67- 253.2;ОПн129;рсм6
2. ОПН (рсм);135;Опн 67- 253.2;ОПнН1;рсм7
2. ОПН (рсм);136;Опн 67- 253.2;ОПнН2;рсм7
2. ОПН (рсм);137;Опн 67- 253.2;ОПнН3;рсм7
2. ОПН (рсм);138;Опн 67- 253.2;ОПнН4;рсм7
2. ОПН (рсм);139;Опн 67- 253.2;ОПн130;рсм6
2. ОПН (рсм);140;Опн 67- 253.2;ОПн131;рсм6
2. ОПН (рсм);141;Опн 67- 253.2;ОПн132;рсм6
2. ОПН (рсм);142;Опн 67- 253.2;ОПн133;рсм6
2. ОПН (рсм);143;Опн 67- 253.2;ОПн134;рсм6
2. ОПН (рсм);144;Опн 67- 253.2;ОПн135;рсм6
2. ОПН (рсм);145;Опн 67- 253.2;ОПн136;рсм6
2. ОПН (рсм);146;Опн 67- 253.2;ОПнН5;рсм7
2. ОПН (рсм);147;Опн 67- 253.2;ОПнН6;рсм7
2. ОПН (рсм);148;Опн 67- 253.2;ОПн137;рсм6
2. ОПН (рсм);149;Опн 67- 253.2;ОПн138;рсм6
2. ОПН (рсм);150;Опн 67- 253.2;ОПн139;рсм6
2. ОПН (рсм);151;Опн 67- 253.2;ОПн140;рсм6
2. ОПН (рсм);152;Опн 67- 253.2;ОПн141;рсм6
2. ОПН (рсм);153;Опн 67- 253.2;ОПн142;рсм6
2. ОПН (рсм);154;Опн 67- 253.2;ОПн143;рсм7
2. ОПН (рсм);155;ОПн167-ОПн226;ОПн167;рсм
2. ОПН (рсм);156;ОПн167-ОПн226;ОПн168;рсм
2. ОПН (рсм);157;ОПн167-ОПн226;ОПн169;рсм
2. ОПН (рсм);158;ОПн167-ОПн226;ОПн170;рсм
2. ОПН (рсм);159;ОПн167-ОПн226;ОПн171;рсм
2. ОПН (рсм);160;ОПн167-ОПн226;ОПн172;рсм
2. ОПН (рсм);161;ОПн167-ОПн226;ОПн173;рсм
2. ОПН (рсм);162;ОПн167-ОПн226;ОПн174;рсм
2. ОПН (рсм);163;ОПн167-ОПн226;ОПн175;рсм
2. ОПН (рсм);164;ОПн167-ОПн226;ОПн176;рсм
2. ОПН (рсм);165;ОПн167-ОПн226;ОПн177;рсм
2. ОПН (рсм);166;ОПн167-ОПн226;ОПн178;рсм
2. ОПН (рсм);167;ОПн167-ОПн226;ОПн179;рсм
2. ОПН (рсм);168;ОПн167-ОПн226;ОПн180;рсм
2. ОПН (рсм);169;ОПн167-ОПн226;ОПн181;рсм
2. ОПН (рсм);170;ОПн167-ОПн226;ОПн182;рсм
2. ОПН (рсм);171;ОПн167-ОПн226;ОПн183;рсм
2. ОПН (рсм);172;ОПн167-ОПн226;ОПн184;рсм
2. ОПН (рсм);173;ОПн167-ОПн226;ОПн185;рсм
2. ОПН (рсм);174;ОПн167-ОПн226;ОПн186;рсм
2. ОПН (рсм);175;ОПн167-ОПн226;ОПн188;рсм4
2. ОПН (рсм);176;ОПн167-ОПн226;ОПн189;рсм3
2. ОПН (рсм);177;ОПн167-ОПн226;ОПн190;рсм3
2. ОПН (рсм);178;ОПн167-ОПн226;ОПн200;рсм
2. ОПН (рсм);179;ОПн167-ОПн226;ОПн201;рсм
2. ОПН (рсм);180;ОПн167-ОПн226;ОПн202;рсм
2. ОПН (рсм);181;ОПн167-ОПн226;ОПн203;рсм
2. ОПН (рсм);182;ОПн167-ОПн226;ОПн204;рсм
2. ОПН (рсм);183;ОПн167-ОПн226;ОПн205;рсм
2. ОПН (рсм);184;ОПн167-ОПн226;ОПн206;рсм
2. ОПН (рсм);185;ОПн167-ОПн226;ОПн207;рсм
2. ОПН (рсм);186;ОПн167-ОПн226;ОПн208;рсм
2. ОПН (рсм);187;ОПн167-ОПн226;ОПн209;рсм
2. ОПН (рсм);188;ОПн167-ОПн226;ОПн210;рсм
2. ОПН (рсм);189;ОПн167-ОПн226;ОПн211;рсм
2. ОПН (рсм);190;ОПн167-ОПн226;ОПн212;рсм
2. ОПН (рсм);191;ОПн167-ОПн226;ОПн213;рсм
2. ОПН (рсм);192;ОПн167-ОПн226;ОПн214;рсм
2. ОПН (рсм);193;ОПн167-ОПн226;ОПн215;рсм
2. ОПН (рсм);194;ОПн167-ОПн226;ОПн216;рсм
2. ОПН (рсм);195;ОПн167-ОПн226;ОПн217;рсм
2. ОПН (рсм);196;ОПн167-ОПн226;ОПн218;рсм
2. ОПН (рсм);197;ОПн167-ОПн226;ОПн219;рсм
2. ОПН (рсм);198;ОПн167-ОПн226;ОПн220;рсм
2. ОПН (рсм);199;ОПн167-ОПн226;ОПн221;рсм
2. ОПН (рсм);200;ОПн167-ОПн226;ОПн222;рсм
2. ОПН (рсм);201;ОПн167-ОПн226;ОПн223;рсм
2. ОПН (рсм);202;ОПн167-ОПн226;ОПн224;рсм
2. ОПН (рсм);203;ОПн167-ОПн226;ОПн225;рсм
2. ОПН (рсм);204;ОПн167-ОПн226;ОПн226;рсм
2. ОПН (рсм);205;ОПв15.1-ОПв18;ОПв15.1;рсм8-1
2. ОПН (рсм);206;ОПв15.1-ОПв18;ОПв15.2;рсм8-1
2. ОПН (рсм);207;ОПв15.1-ОПв18;ОПв16;рсм8-2
2. ОПН (рсм);208;ОПв15.1-ОПв18;ОПв17;рсм8-2
2. ОПН (рсм);209;ОПв15.1-ОПв18;ОПв18;рсм8-4
ОПВ;1;ОПВ 1-6;ОПВ 1;ФМ11
ОПВ;2;ОПВ 1-6;ОПВ 2;ФМ12
ОПВ;3;ОПВ 1-6;ОПВ 1.1;ФМ12
ОПВ;4;ОПВ 1-6;ОПВ 1.3;ФМ12
ОПВ;5;ОПВ 1-6;ОПВ 1.4;ФМ12
ОПВ;6;ОПВ 1-6;ОПВ 1.6;ФМ12
ОПВ;7;ОПВ 1-6;ОПВ 5;ФМ12
ОПВ;8;ОПВ 1-6;ОПВ 6;ФМ12
ОПВ;9;ОПВ 7-9;ОПВ 7;ФМ11
ОПВ;10;ОПВ 7-9;ОПВ 8;ФМ12
ОПВ;11;ОПВ 7-9;ОПВ 9;ФМ12
ОПВ;12;ОПВ 10-12;ОПВ 10;ФМ12
ОПВ;13;ОПВ 10-12;ОПВ 11;ФМ12
ОПВ;14;ОПВ 10-12;ОПВ 12;ФМ12
ОПВ;15;ОПВ 13-15;ОПВ 13;ФМ12
ОПВ;16;ОПВ 13-15;ОПВ 14;ФМ12
ОПВ;17;ОПВ 13-15;ОПВ 15;ФМ12
ОПВ;18;ОПВ 19-24;ОПВ 19;ФМ11
ОПВ;19;ОПВ 19-24;ОПВ 20.1;ФМ11
ОПВ;20;ОПВ 19-24;ОПВ 21;ФМ11
ОПВ;21;ОПВ 19-24;ОПВ 22;ФМ11
ОПВ;22;ОПВ 19-24;ОПВ 23;ФМ11
ОПВ;23;ОПВ 19-24;ОПВ 24;ФМ11
Н;1;Н1-4;Н1;Фм1
Н;2;Н1-4;Н2;Фм25
Н;3;Н1-4;Н2.1;Фм25
Н;4;Н1-4;Н3;Фм5
Н;5;Н1-4;Н4;Фм1
Н;6;Н5-18;Н5;Фм4
Н;7;Н5-18;Н6;Фм4
Н;8;Н5-18;Н7;Фм4
Н;9;Н5-18;Н8;Фм1
Н;10;Н5-18;Н9;Фм4
Н;11;Н5-18;Н10;Фм4
Н;12;Н5-18;Н11;Фм1
Н;13;Н5-18;Н12;Фм1
Н;14;Н5-18;Н13;Фм4
Н;15;Н5-18;Н14;Фм4
Н;16;Н5-18;Н15;Фм1
Н;17;Н5-18;Н16;Фм1
Н;18;Н5-18;Н17;Фм1
Н;19;Н5-18;Н18;Фм1
Н;20;Н19-22;Н19;Фм26
Н;21;Н19-22;Н20;Фм29
Н;22;Н19-22;Н20.1;Фм29
Н;23;Н19-22;Н21;Фм30
Н;24;Н19-22;Н22;Фм29
Н;25;Н23-35;Н23;Фм4
Н;26;Н23-35;Н24;Фм4
Н;27;Н23-35;Н25;Фм1
Н;28;Н23-35;Н26;Фм1
Н;29;Н23-35;Н27;Фм1
Н;30;Н23-35;Н28;Фм1
Н;31;Н23-35;Н29;Фм1
Н;32;Н23-35;Н30;Фм1
Н;33;Н23-35;Н31;Фм1
Н;34;Н23-35;Н32;Фм4
Н;35;Н23-35;Н33;Фм4
Н;36;Н23-35;Н34;Фм5
Н;37;Н23-35;Н35;Фм6
Н;38;Н57;Н57;Фм27
Н;39;Н70-76;Н70;Фм21
Н;40;Н70-76;Н71;Фм20
Н;41;Н70-76;Н73;Фм20
Н;42;Н70-76;Н74;Фм20
Н;43;Н70-76;Н75;Фм20
Н;44;Н70-76;Н76;Фм20
Н;45;Н72-77;Н72;Фм22
Н;46;Н72-77;Н77;Фм22
Изоляция;1;Опв1- УТ1;;
Изоляция;2;УТ1-УТ1.1;;
Изоляция;3;УТ1.1-УТ2;;
Изоляция;4;УТ2-Н35;;
Изоляция;5;Н35-УТ4;;
Изоляция;6;УТ4-УТ7;;
Изоляция;7;УТ7-УТ9;;
Изоляция;8;УТ4-УТ12;;
Изоляция;9;УТ12-КМ4;;
Изоляция;10;КМ4-УТ15;;
Изоляция;11;УТ15-УТ15.1;;
Изоляция;12;УТ15.1-Н76;;
Изоляция;13;Н76-КМ5;;
Изоляция;да;Сделано в эл.виде;;
Изоляция;нет;Не сделано;;
Изоляция;Х;Работы не производятся;;
Изоляция;;Передано на проверку;;
Изоляция;;Подписано;;
Изоляция;;Нет проектного решения;;
Изоляция;;Есть замечания;;
Изоляция;;Нет лаборатории;;
Труба Сварка;1;Опв1- УТ1;Опв1-УУТЭ;
Труба Сварка;2;Опв1- УТ1;УУТЭ-Н2.1;
Труба Сварка;3;Опв1- УТ1;Н2-УП7;
Труба Сварка;4;Опв1- УТ1;УП7;
Труба Сварка;5;Опв1- УТ1;УП7-УП10;
Труба Сварка;6;Опв1- УТ1;УП10-УП11;
Труба Сварка;7;Опв1- УТ1;УП11-Н4;
Труба Сварка;8;Опв1- УТ1;Н4-Н5;
Труба Сварка;9;Опв1- УТ1;Н5-Н6;
Труба Сварка;10;Опв1- УТ1;Н6-Н7;
Труба Сварка;11;Опв1- УТ1;Н7-УТ1;
Труба Сварка;12;УТ1-УТ1.1;УТ1-Н9;
Труба Сварка;13;УТ1-УТ1.1;Н9-Н10;
Труба Сварка;14;УТ1-УТ1.1;Н10-Н11;
Труба Сварка;15;УТ1-УТ1.1;Н11-Н13;
Труба Сварка;16;УТ1-УТ1.1;Н13-Н14;
Труба Сварка;17;УТ1-УТ1.1;Н14-Н16;
Труба Сварка;18;УТ1-УТ1.1;Н16-УТ1.1;
Труба Сварка;19;УТ1.1-УТ2;УТ1.1-Н18;
Труба Сварка;20;УТ1.1-УТ2;Н18-Н19;
Труба Сварка;21;УТ1.1-УТ2;Н19-Н20.1;
Труба Сварка;22;УТ1.1-УТ2;Н20.1-Н21;
Труба Сварка;23;УТ1.1-УТ2;Н21-Н22;
Труба Сварка;24;УТ1.1-УТ2;Н22-Н23;
Труба Сварка;25;УТ1.1-УТ2;Н23-УТ2;
Труба Сварка;26;УТ2-Н35;УТ2-Н25;
Труба Сварка;27;УТ2-Н35;Н25-Н26;
Труба Сварка;28;УТ2-Н35;Н26-Н28;
Труба Сварка;29;УТ2-Н35;Н28-Н29;
Труба Сварка;30;УТ2-Н35;Н29-Н30;
Труба Сварка;31;УТ2-Н35;Н30-Н31;
Труба Сварка;32;УТ2-Н35;Н31-Н32;
Труба Сварка;33;УТ2-Н35;Н32-Н33;
Труба Сварка;34;УТ2-Н35;Н33-Н34;
Труба Сварка;35;УТ2-Н35;Н34-2.1;
Труба Сварка;36;УТ2-Н35;Ут2.1-УТ2.2;
Труба Сварка;37;Н35-УТ4;УТ2.2-КР1;
Труба Сварка;38;Н35-УТ4;КР1-УТ3;
Труба Сварка;39;Н35-УТ4;УТ3-К14;
Труба Сварка;40;Н35-УТ4;К14-К14.1;
Труба Сварка;41;Н35-УТ4;К14.1-УП61;
Труба Сварка;42;Н35-УТ4;УП61-УП62;
Труба Сварка;43;Н35-УТ4;УП62-КМ3;
Труба Сварка;44;Н35-УТ4;КМ3-КР2;
Труба Сварка;45;Н35-УТ4;КР2-УТ4;
Труба Сварка;46;УТ4-УТ7;УТ4-УТ7;
Труба Сварка;47;УТ7-УТ9;УТ7-УТ9;
Труба Сварка;48;УТ4-УТ12;УТ4-УТ12;
Труба Сварка;49;УТ12-КМ4;УТ12-К25;
Труба Сварка;50;УТ12-КМ4;К25-УП94;
Труба Сварка;51;УТ12-КМ4;Уп94-УП95;
Труба Сварка;52;УТ12-КМ4;УП95-К26;
Труба Сварка;53;УТ12-КМ4;К26-УП97;
Труба Сварка;54;УТ12-КМ4;УП97-УП99;
Труба Сварка;55;УТ12-КМ4;УП99-УП105;
Труба Сварка;56;УТ12-КМ4;УП105-КР2.1;
Труба Сварка;57;УТ12-КМ4;Кр2.1-КМ4;
Труба Сварка;58;КМ4-УТ15;КМ4-К27;
Труба Сварка;59;КМ4-УТ15;К27-УТ15;
Труба Сварка;60;УТ15-УТ15.1;УТ15-УТ15.1;
Труба Сварка;61;УТ15.1-Н76;Ут15.1-Н74;
Труба Сварка;62;УТ15.1-Н76;Н74-Н75;
Труба Сварка;63;УТ15.1-Н76;Н75-Н76;
Труба Сварка;64;Н76-КМ5;Н76-Н77;
Труба Сварка;65;Н76-КМ5;Н77-Ут15.2;
Труба Сварка;66;Н76-КМ5;Ут15.2-КР3;
Труба Сварка;67;Н76-КМ5;КР3-УТ16;
Труба Сварка;68;Н76-КМ5;УТ16-КМ5;
Лотки;1;УТ4-УТ7;Лотки;
Лотки;2;УТ7-УТ9;Лотки;
СОДК;1;Граница проектирования-УТ1;;
СОДК;2;УТ1-УТ1.1;;
СОДК;3;УТ1.1-УТ2;;
СОДК;4;УТ2-УТ2.1;;
СОДК;5;УТ2.1-УТ3;;
СОДК;6;УТ3-УТ4;;
СОДК;9;УТ4-УТ6;;
СОДК;10;УТ6-УТ7;;
СОДК;11;УТ7-УТ8;;
СОДК;12;УТ8-УТ9;;
СОДК;13;УТ4-УТ11;;
СОДК;14;УТ11-УТ12;;
СОДК;15;УТ12-УТ13;;
СОДК;16;УТ13-КМ4;;
СОДК;18;КМ4-УТ15;;
СОДК;19;УТ15-УТ15.1;;
СОДК;20;УТ15.1-УТ15.2;;
СОДК;21;УТ15.2-УТ16;;
СОДК;23;УТ16-КМ5;;
СОДК;да;Сделано в эл.виде;;
СОДК;нет;Не сделано;;
СОДК;Х;Работы не производятся;;
СОДК;;Передано на проверку;;
СОДК;;Подписано;;
СОДК;;Нет проектного решения;;
СОДК;;Есть замечания;;
СОДК;;Нет лаборатории;;
Скользячки;;;Опв1;
Скользячки;;;Опн1;
Скользячки;;;Опн2;
Скользячки;;;Опн3;
Скользячки;;;Опн3.1;
Скользячки;;;Опн4;
Скользячки;;;Опн5;
Скользячки;;;Опн6;
Скользячки;;;Опн7;
Скользячки;;;Опн8;
Скользячки;;;Опв1.1;
Скользячки;;;Опв1.2;
Скользячки;;;Опв1.3;
Скользячки;;;Опв1.4;
Скользячки;;;Опв1.5;
Скользячки;;;Опв1.6;
Скользячки;;;Опв5;
Скользячки;;;Опв5.1;
Скользячки;;;Опв5.2;
Скользячки;;;Опв6;
Скользячки;;;Опн13;
Скользячки;;;Опн14;
Скользячки;;;Опн14.1;
Скользячки;;;Опв7;
Скользячки;;;Опн15;
Скользячки;;;Опн16;
Скользячки;;;Опн17;
Скользячки;;;Опв8;
Скользячки;;;Опв9;
Скользячки;;;Опн18;
Скользячки;;;Опн19;
Скользячки;;;Опн20;
Скользячки;;;Опн21;
Скользячки;;;Опн22;
Скользячки;;;Опн23;
Скользячки;;;Опн24;
Скользячки;;;Опн25;
Скользячки;;;Опн26;
Скользячки;;;Опн27;
Скользячки;;;Опн28;
Скользячки;;;Опн29;
Скользячки;;;Опн30;
Скользячки;;;Опн31;
Скользячки;;;Опн32;
Скользячки;;;Опн33;
Скользячки;;;Опн34;
Скользячки;;;Опн35;
Скользячки;;;Опн36;
Скользячки;;;Опн37;
Скользячки;;;Опн38;
Скользячки;;;Опн39;
Скользячки;;;Опн40;
Скользячки;;;Опн41;
Скользячки;;;Опн42;
Скользячки;;;Опн43;
Скользячки;;;Опн44;
Скользячки;;;Опн45;
Скользячки;;;Опн46;
Скользячки;;;Опн47;
Скользячки;;;Опн48;
Скользячки;;;Опн49;
Скользячки;;;Опн50;
Скользячки;;;Опн51;
Скользячки;;;Опн52;
Скользячки;;;Опн53;
Скользячки;;;Опн54;
Скользячки;;;Опн55;
Скользячки;;;Опн56;
Скользячки;;;Опн57;
Скользячки;;;Опн58;
Скользячки;;;Опн59;
Скользячки;;;Опн60;
Скользячки;;;Опн61;
Скользячки;;;Опн62;
Скользячки;;;Опн63;
Скользячки;;;Опн64;
Скользячки;;;Опн65;
Скользячки;;;Опн67;
Скользячки;;;Опн68;
Скользячки;;;Опн69;
Скользячки;;;Опн70;
Скользячки;;;Опн71;
Скользячки;;;Опн72;
Скользячки;;;Опн73;
Скользячки;;;Опн76;
Скользячки;;;Опн77;
Скользячки;;;Опн78;
Скользячки;;;Опн79;
Скользячки;;;Опн80;
Скользячки;;;Опн81;
Скользячки;;;Опн82;
Скользячки;;;Опн84;
Скользячки;;;Опн85;
Скользячки;;;Опн86;
Скользячки;;;Опн87;
Скользячки;;;Опн88;
Скользячки;;;Опн89;
Скользячки;;;Опн90;
Скользячки;;;Опн91;
Скользячки;;;Опн92;
Скользячки;;;Опн93;
Скользячки;;;Опн94;
Скользячки;;;Опв10;
Скользячки;;;Опв11;
Скользячки;;;Опн95;
Скользячки;;;Опн96;
Скользячки;;;Опн97;
Скользячки;;;Опн98;
Скользячки;;;Опн99;
Скользячки;;;Опн100;
Скользячки;;;Опн101;
Скользячки;;;Опн102;
Скользячки;;;Опн103;
Скользячки;;;Опн104;
Скользячки;;;Опн105;
Скользячки;;;Опн106;
Скользячки;;;Опн107;
Скользячки;;;Опн108;
Скользячки;;;Опн109;
Скользячки;;;Опн110;
Скользячки;;;Опн111;
Скользячки;;;Опн111.1;
Скользячки;;;Опн111.2;
Скользячки;;;Опн112;
Скользячки;;;Опн113;
Скользячки;;;Опн114;
Скользячки;;;Опн114.1;
Скользячки;;;Опн115;
Скользячки;;;Опн116;
Скользячки;;;Опн117;
Скользячки;;;Опн118;
Скользячки;;;Опн119;
Скользячки;;;Опн120;
Скользячки;;;Опн121.1;
Скользячки;;;Опв12;
Скользячки;;;Опв13;
Скользячки;;;Опн123;
Скользячки;;;Опн124;
Скользячки;;;Опв 14;
Скользячки;;;Опв14.1;
Скользячки;;;Опв14.2;
Скользячки;;;Опв15;
Скользячки;;;Опн125;
Скользячки;;;Опн126;
Скользячки;;;Опн127;
Скользячки;;;Опн128;
Скользячки;;;Опн129;
Скользячки;;;ОпнН1;
Скользячки;;;ОпнН2;
Скользячки;;;ОпнН3;
Скользячки;;;ОпнН4;
Скользячки;;;Опн130;
Скользячки;;;Опн131;
Скользячки;;;Опн132;
Скользячки;;;Опн133;
Скользячки;;;Опн134;
Скользячки;;;Опн135;
Скользячки;;;Опн136;
Скользячки;;;ОпнН5;
Скользячки;;;ОпнН6;
Скользячки;;;Опн137;
Скользячки;;;Опн138;
Скользячки;;;Опв15.1;
Скользячки;;;Опв15.2;
Скользячки;;;Опн139;
Скользячки;;;Опн140;
Скользячки;;;Опн141;
Скользячки;;;Опн142;
Скользячки;;;Опн143;
Скользячки;;;Опв16;
Скользячки;;;Опв17;
Скользячки;;;Опв18;
Скользячки;;;Опв19;
Скользячки;;;Опв20.1;
Скользячки;;;Опв20.2;
Скользячки;;;Опв21;
Скользячки;;;Опв22;
Скользячки;;;Опв23;
Скользячки;;;Опв24;
Скользячки;;;Опн153;
Скользячки;;;Опн154;
Скользячки;;;Опн155;
Скользячки;;;Опн156;
Скользячки;;;Опн157;
Скользячки;;;Опн158;
Скользячки;;;Опн159;
Скользячки;;;Опн160;
Скользячки;;;Опн161;
Скользячки;;;Опн162;
Скользячки;;;Опн163;
Скользячки;;;Опн164;
Скользячки;;;Опн165;
Скользячки;;;Опн166;
Скользячки;;;Опн167;
Скользячки;;;Опн168;
Скользячки;;;Опн169;
Скользячки;;;Опн170;
Скользячки;;;Опн171;
Скользячки;;;Опн172;
Скользячки;;;Опн173;
Скользячки;;;Опн174;
Скользячки;;;Опн175;
Скользячки;;;Опн176;
Скользячки;;;Опн177;
Скользячки;;;Опн178;
Скользячки;;;Опн179;
Скользячки;;;Опн180;
Скользячки;;;Опн181;
Скользячки;;;Опн182;
Скользячки;;;Опн183;
Скользячки;;;Опн184;
Скользячки;;;Опн185;
Скользячки;;;Опн186;
Скользячки;;;Опн187;
Скользячки;;;Опн188;
Скользячки;;;Опн189;
Скользячки;;;Опн190;
Скользячки;;;Опн191;
Скользячки;;;Опн192;
Скользячки;;;Опн193;
Скользячки;;;Опн194;
Скользячки;;;Опн195;
Скользячки;;;Опн196;
Скользячки;;;Опн197;
Скользячки;;;Опн198;
Скользячки;;;Опн199;
Скользячки;;;Опн200;
Скользячки;;;Опн201;
Скользячки;;;Опн202;
Скользячки;;;Опн203;
Скользячки;;;Опн204;
Скользячки;;;Опн205;
Скользячки;;;Опн206;
Скользячки;;;Опн207;
Скользячки;;;Опн208;
Скользячки;;;Опн209;
Скользячки;;;Опн210;
Скользячки;;;Опн211;
Скользячки;;;Опн212;
Скользячки;;;Опн213;
Скользячки;;;Опн214;
Скользячки;;;Опн215;
Скользячки;;;Опн216;
Скользячки;;;Опн217;
Скользячки;;;Опн218;
Скользячки;;;Опн219;
Скользячки;;;Опн220;
Скользячки;;;Опн221;
Скользячки;;;Опн222;
Скользячки;;;Опн223;
Скользячки;;;Опн224;
Скользячки;;;Опн225;
Скользячки;;;Опн226;
Скользячки;;;Опн227;
Скользячки;;;Опн228;
Скользячки;;;Опн229;
Скользячки;;;Опн230;
Скользячки;;;Опн231;
Скользячки;;;Опн232;
Скользячки;;;Опн233;
Скользячки;;;Опн234;
Скользячки;;;Опн235;
Скользячки;;;Опн236;
Скользячки;;;Опн237;
Скользячки;;;Опн238;
Скользячки;;;Опн239;
Скользячки;;;Опн240;
Скользячки;;;Опн241;
Скользячки;;;Опн243;
Скользячки;;;Опн244;
Скользячки;;;Опн245;
Скользячки;;;Опн246;
Скользячки;;;Опн247;
Скользячки;;;Опн248;
Скользячки;;;Опн249;
Скользячки;;;Опн250;
Скользячки;;;Опн251;
Скользячки;;;Опн252;
Скользячки;;;Опн253;
Скользячки;;;Опн253.1;
Скользячки;;;Опн253.2;
Скользячки;;;Опн253.3;
Скользячки;;;Опн254;
Скользячки;;;Опн255;
Скользячки;;;Опн256;
Скользячки;;;Опн257;
Скользячки;;;Опн258;
Скользячки;;;Опн259;
Скользячки;;;Опн260;
Скользячки;;;Опн261;
Скользячки;;;Опн262;
Скользячки;;;Опн263;
Скользячки;;;Опн264;
Скользячки;;;Опн265;
Скользячки;;;Опн266;
Скользячки;;;Опн267;
Скользячки;;;Опн268;
Скользячки;;;Опн269;
Скользячки;;;Опн270;
Скользячки;;;Опн271;
Скользячки;;;Опн272;
Скользячки;;;Опн273;
Скользячки;;;Опн273.1;
Скользячки;;;Опн274;
Скользячки;;;Опн275;
Скользячки;;;Опн276;
Скользячки;;;Опн277;
Скользячки;;;Опн278;
Скользячки;;;Опн279;
Скользячки;;;Опн280;
Скользячки;;;Опн281;
Скользячки;;;Опн282;
Скользячки;;;Опн283;
Скользячки;;;Опн284;
Скользячки;;;Опн285;
Скользячки;;;Опн286;
Скользячки;;;Опн287;
Скользячки;;;Опн288;
Скользячки;;;Опн289;
Скользячки;;;Опн290;
Скользячки;;;Опн291;
Скользячки;;;Опн292;
Скользячки;;;Опн293;
Скользячки;;;Опн294;
Скользячки;;;Опн295;
Скользячки;;;Опн296;
Скользячки;;;Опн297;
Скользячки;;;Опн298;
Скользячки;;;Опн299;
Скользячки;;;Опн300;
Скользячки;;;Опн301;
Скользячки;;;Опв24.1;
Скользячки;;;Опв25;
Скользячки;;;Опв25.1;
Скользячки;;;Опв25.2;
Скользячки;;;Опв26;
Скользячки;;;Опн302;
Скользячки;;;Опн303;
Скользячки;;;Опн304;
Скользячки;;;ВСЕГО;
Скользячки;;;ВЫПОЛНЕНО;
Скользячки;;;ОСТАТОК;
Скользячки;;;К ПРЕДЪЯВЛЕНИЮ;
Скользячки;;;ПРЕДЪЯВЛЕНО РСК;
Скользячки;;;ПРИНЯТО РСК;
Скользячки;;;Переустройство СО;
Скользячки;;;Выполнено по новому;
Камеры;1;;УТ2.2;
Камеры;2;;КР1;
Камеры;3;;УТ3;
Камеры;4;;КМ3;
Камеры;5;;КР2;
Камеры;6;;УТ4;
Камеры;7;;УТ5;
Камеры;8;;УТ6;
Камеры;9;;УТ7;
Камеры;10;;УТ8;
Камеры;11;;УТ9;
Камеры;12;;УТ10;
Камеры;13;;УТ11;
Камеры;14;;УТ12;
Камеры;15;;УТ13;
Камеры;16;;КР2.1;
Камеры;17;;КМ4;
Камеры;18;;УТ15;
Камеры;19;;УТ15.1;
Камеры;20;;УТ15.2;
Камеры;21;;КР3;
Камеры;22;;УТ16;
Камеры;23;;КМ5;
Колодцы;1;;КД1;
Колодцы;2;;КД1.1;
Колодцы;3;;КД1.2;
Колодцы;4;;КД2;
Колодцы;5;;КД3;
Колодцы;6;;КД4;
Колодцы;7;;КД5;
Колодцы;8;;КД6.1;
Колодцы;9;;КД7;
Колодцы;10;;КД8;
Колодцы;11;;КД8.1;
Колодцы;12;;КД12;
Колодцы;13;;КД13;
Колодцы;14;;КД13.1;
Колодцы;15;;КДР12;
Колодцы;16;;СК-1;
Колодцы;17;;КД14;
Колодцы;18;;КД15;
Колодцы;19;;КД16;
Колодцы;20;;КД16.1;
Колодцы;21;;КД18;
Колодцы;22;;КД19;
Колодцы;23;;КД20;
Колодцы;24;;КД22;
Колодцы;25;;КД25.1;
Траншеи;1;;;УТ2.2-КР1 (безканал.)
Траншеи;2;;;КР1+24,5-УТ3 (канал.)
Траншеи;3;;;УТ3-КМ3 (безканал.)
Траншеи;4;;;КМ3-КМ3+9,5 (канал.)
Траншеи;5;;;КР2-УТ4 (канал.)
Траншеи;7;;;УТ4-УТ7 (канал.)
Траншеи;6;;;УТ7-УТ9 (канал.)
Траншеи;8;;;УТ4-УП93 (безканал.)
Траншеи;9;;;УП93-УП94 (безканал.)
Траншеи;10;;;УП94-УТ13 (безканал.)
Траншеи;11;;;УТ13-КР2.1 (безканал.)
Траншеи;12;;;КР2.1+36,9-КМ4 (канал.)
Траншеи;13;;;УТ15-УТ15.1 (безканал.)
Траншеи;14;;;УТ15.2-УТ15.2+15,2 (безканал.)
Траншеи;15;;;УТ15.2+15,2-УТ15.2+24,4 (канал.)
Траншеи;16;;;КР3-УТ16 (безканал.)
Траншеи;17;;;УТ16-УТ16+9,2 (канал.)
НО в лотках;1;;Н 43;
НО в лотках;2;;Н 44;
НО в лотках;3;;Н 45;
НО в лотках;4;;Н 46;
НО в лотках;5;;Н 47;
НО в лотках;6;;Н 48;
НО в лотках;7;;Н 49;
НО в лотках;8;;Н 50;
НО в лотках;9;;Н 51;
НО в лотках;10;;Н 52;
НО в лотках;11;;Н 53;
Павильоны;1;;УТ1;
Павильоны;2;;УТ1.1;
Павильоны;3;;УТ2;
Павильоны;4;;УТ2.1;
Павильоны;5;;УУСА1;
Павильоны;6;;УУСА2;
Павильоны;7;;УУТЭ (1);
Павильоны;8;;УУТЭ (2);
Обвязка;1;УУСА1 (доп ЗРА эксплуатация);;
Обвязка;2;УУТЭ;;
Обвязка;3;УУСА2 (доп ЗРА эксплуатация);;
Обвязка;4;УТ-1;;
Обвязка;5;УТ-1.1;;
Обвязка;6;УТ 2;;
Обвязка;7;УТ2.1;;
Обвязка;8;УТ2.2;;
Обвязка;9;КР.1;;
Обвязка;10;КМ3;;
Обвязка;11;КР-2;;
Обвязка;12;УТ 3;;
Обвязка;13;УТ 4;;
Обвязка;14;УТ 5;;
Обвязка;15;УТ 6;;
Обвязка;16;УТ 7;;
Обвязка;17;УТ 8;;
Обвязка;18;УТ 9;;
Обвязка;19;УТ 10;;
Обвязка;20;УТ 11;;
Обвязка;21;УТ 12;;
Обвязка;22;УТ 13;;
Обвязка;23;КР 2.1;;
Обвязка;24;КМ 4;;
Обвязка;25;УТ 15;;
Обвязка;26;УТ 15.1;;
Обвязка;27;УТ 15.2;;
Обвязка;28;КР 3;;
Обвязка;29;УТ 16;;
Обвязка;30;КМ 5;;
Электрика;да;Сделано в эл.виде;;
Электрика;нет;Не сделано;;
Электрика;Х;Работы не производятся;;
Электрика;;Передано на проверку;;
Электрика;;Подписано;;
Электрика;;Нет проектного решения;;
Электрика;;Есть замечания;;
Электрика;;Нет лаборатории;;
Мет констр;да;Сделано в эл.виде;;
Мет констр;нет;Не сделано;;
Мет констр;Х;Работы не производятся;;
Мет констр;;Передано на проверку;;
Мет констр;;Подписано;;
Мет констр;;Нет проектного решения;;
Мет констр;;Есть замечания;;
Мет констр;;Нет лаборатории;;
