row,uchastok,category,name,type,status,status_fill,executor,cost_mln,remarks_rsk,normalized_name,candidate_count,candidate_ids,candidate_tabs
22,График сдачи ИД на участке №1 от границы проектирования до УТ2.2,Опоры,Опв 1-6,фм,согласовано к подписанию,FFFFC000,Денисов М.,11.28,175-обр.засыпка;198-замена грунта;225-расхожд.план-выс.отметок,опв 1-6,8,304;305;306;307;308;309;310;311,ОПВ
24,График сдачи ИД на участке №1 от границы проектирования до УТ2.2,Опоры,Н1-4,фм,Подписано до до бетона,FF92D050,Ефремов А.,4.87,213-ж/б пов-ть,н1-4,5,327;328;329;330;331,Н
26,График сдачи ИД на участке №1 от границы проектирования до УТ2.2,Опоры,ОПн1-14.1,фм,,,Денисов М.,3.92,175-обр.засыпка;225-расхожд.план-выс.отметок;375-ж/б пов-ть,опн1-14.1,0,,
28,График сдачи ИД на участке №1 от границы проектирования до УТ2.2,Опоры,Опв 7-9,фм,согласовано к подписанию,FFFFC000,Денисов М.,3.88,,опв 7-9,3,312;313;314,ОПВ
30,График сдачи ИД на участке №1 от границы проектирования до УТ2.2,Опоры,ОПн15-18,рсм,Подписаны сваи,FFFFC000,Денисов М.,0.3,,опн15-18,0,,
32,График сдачи ИД на участке №1 от границы проектирования до УТ2.2,Опоры,ОПн19-47 +57,рсм,Подписаны сваи,FFFFC000,Денисов М.,1.32,67-замена грунта;140-замена грунта;375-ж/б пов-ть,опн19-47 +57,0,,
34,График сдачи ИД на участке №1 от границы проектирования до УТ2.2,Опоры,"ОПн24, 58, 111.1-114.1, 116",фм,согласовано к подписанию,FFFFC000,Денисов М.,2.41,375-ж/б пов-ть,"опн24, 58, 111.1-114.1, 116",0,,
36,График сдачи ИД на участке №1 от границы проектирования до УТ2.2,Опоры,Н5-18,фм,,,Ефремов А.,11.51,127-досыпка грунта;154-обр.засыпка;156-обр.засыпка,н5-18,14,332;333;334;335;336;337;338;339;340;341;342;343;344;345,Н
38,График сдачи ИД на участке №1 от границы проектирования до УТ2.2,Опоры,"ОПн48-56, 115, 117",рсм,Подписаны сваи,FFFFC000,Денисов М.,0.5,,"опн48-56, 115, 117",0,,
40,График сдачи ИД на участке №1 от границы проектирования до УТ2.2,Опоры,"ОПн59-65, 77, 102, 103",рсм,Подписаны сваи,FFFFC000,Денисов М.,0.45,,"опн59-65, 77, 102, 103",0,,
42,График сдачи ИД на участке №1 от границы проектирования до УТ2.2,Опоры,"ОПн67-76, 78-94, 95-101,
104-111,187, 191-196,199
227-241, 243-253.2",рсм,Подписаны сваи,FFFFC000,Денисов М.,2.07,60-ж/б пов-ть;66-ж/б пов-ть;375-ж/б пов-ть,"опн67-76, 78-94, 95-101, 104-111,187, 191-196,199 227-241, 243-253.2",0,,
44,График сдачи ИД на участке №1 от границы проектирования до УТ2.2,Опоры,ОПв10-12,фм,согласовано к подписанию,FFFFC000,Денисов М.,4.63,,опв10-12,0,,
46,График сдачи ИД на участке №1 от границы проектирования до УТ2.2,Опоры,"ОПн118-120.1, 123, 124, 153",фм,,,Денисов М.,1.94,151-отклон. В констр.армиров.;375-ж/б пов-ть,"опн118-120.1, 123, 124, 153",0,,
48,График сдачи ИД на участке №1 от границы проектирования до УТ2.2,Опоры,ОПв13-15,фм,согласовано к подписанию,FFFFC000,Денисов М.,5.34,210-откл.пла-выс.отметок,опв13-15,0,,
50,График сдачи ИД на участке №1 от границы проектирования до УТ2.2,Опоры,ОПн125 - ОПН143,рсм,,,Мирошник Т.,1.14,375-ж/б пов-ть;194-ж/б пов-ти;375-ж/б пов-ть,опн125 - опн143,0,,
52,График сдачи ИД на участке №1 от границы проектирования до УТ2.2,Опоры,Н19-22,фм,,,Ефремов А.,10.8,213-ж/б пов-та;228-обр.засыпка,н19-22,5,346;347;348;349;350,Н
54,График сдачи ИД на участке №1 от границы проектирования до УТ2.2,Опоры,"ОПв15.1, 15.2, 16-18",рсм,,,Денисов М.,1.65,214-отклон. В полож.свай,"опв15.1, 15.2, 16-18",0,,
56,График сдачи ИД на участке №1 от границы проектирования до УТ2.2,Опоры,ОПв19-24,фм,согласовано к подписанию,FFFFC000,Мирошник Т.,8.87,,опв19-24,0,,
58,График сдачи ИД на участке №1 от границы проектирования до УТ2.2,Опоры,Н23-35,фм,,,Черемных А.,13.12,164-отклон. В шаге армир.,н23-35,13,351;352;353;354;355;356;357;358;359;360;361;362;363,Н
60,График сдачи ИД на участке №1 от границы проектирования до УТ2.2,Опоры,"ОПн54-166, 253.3",фм,,,Мирошник Т.,3.96,375-ж/б пов-ть,"опн54-166, 253.3",0,,
62,График сдачи ИД на участке №1 от границы проектирования до УТ2.2,Опоры,"ОПн167-186, 188-190, 197,198, 200-226",рсм,,,Дудник Д.,1.62,52+60+66-ж/б пов-ти;129-неплотн.прилег.;116-неплотн.прилег.;161-неплотн.прилег.,"опн167-186, 188-190, 197,198, 200-226",0,,
65,График сдачи ИД на участке №1 от границы проектирования до УТ2.2,Камеры и колодцы,КД-1,,,,Денисов М.,0.19,,кд-1,0,,
67,График сдачи ИД на участке №1 от границы проектирования до УТ2.2,Камеры и колодцы,КД-2,,,,Денисов М.,0.19,,кд-2,0,,
69,График сдачи ИД на участке №1 от границы проектирования до УТ2.2,Камеры и колодцы,КД-3,,,,Денисов М.,0.13,,кд-3,0,,
71,График сдачи ИД на участке №1 от границы проектирования до УТ2.2,Камеры и колодцы,УТ-1+полы,,,,Ефремов А.,1.36,"255-констр.подбетонки;285-смещ.ФМ1, ФМ1.1, ФМ2;380-материал изол.цоколя",ут-1+полы,0,,
73,График сдачи ИД на участке №1 от границы проектирования до УТ2.2,Камеры и колодцы,КД-4,,,,Денисов М.,0.27,,кд-4,0,,
75,График сдачи ИД на участке №1 от границы проектирования до УТ2.2,Камеры и колодцы,КД-5,,,,Денисов М.,0.13,,кд-5,0,,
77,График сдачи ИД на участке №1 от границы проектирования до УТ2.2,Камеры и колодцы,УТ-1.1+полы,,,,Ефремов А.,1.36,176-констр.подбетонки;383-деформ. Основания и подбетонки,ут-1.1+полы,0,,
79,График сдачи ИД на участке №1 от границы проектирования до УТ2.2,Камеры и колодцы,КД-6.1,,,,Денисов М.,0.27,,кд-6.1,0,,
81,График сдачи ИД на участке №1 от границы проектирования до УТ2.2,Камеры и колодцы,КД-7,,,,Денисов М.,0.13,,кд-7,0,,
83,График сдачи ИД на участке №1 от границы проектирования до УТ2.2,Камеры и колодцы,КД-8,,,,Денисов М.,0.13,,кд-8,0,,
85,График сдачи ИД на участке №1 от границы проектирования до УТ2.2,Камеры и колодцы,КД-8.1,,,,Денисов М.,0.19,,кд-8.1,0,,
87,График сдачи ИД на участке №1 от границы проектирования до УТ2.2,Камеры и колодцы,КД-12,,,,Денисов М.,0.19,,кд-12,0,,
89,График сдачи ИД на участке №1 от границы проектирования до УТ2.2,Камеры и колодцы,УТ-2+полы,,,,Ефремов А.,1.36,176-констр.подбетонки;268-отв.под болты;373-наруш.заземл.;374-наруш . При нанес. Огнезащиты,ут-2+полы,0,,
93,График сдачи ИД на участке №1 от границы проектирования до УТ2.2,Камеры и колодцы,УТ-2.1+полы,,,,Ефремов А.,1.36,176-констр.подбетонки;186-полож.болтов;282-трещ.в ФМ2;283-размеры приямка,ут-2.1+полы,0,,
97,График сдачи ИД на участке №1 от границы проектирования до УТ2.2,Камеры и колодцы,УТ-2.2,,,,Ефремов А.,4.65,,ут-2.2,0,,
100,График сдачи ИД на участке №1 от границы проектирования до УТ2.2,Трубопровод,ОПв1-Н8,,,,Перфилов А.,441.51,,опв1-н8,0,,
105,График сдачи ИД на участке №1 от границы проектирования до УТ2.2,ОПв1.1-Н8,Н8-Н19,,КЭВ,FF3C1FCF,Перфилов А.,400.85,74-сварочнвая докум.;302-косые стыки,н8-н19,0,,
107,График сдачи ИД на участке №1 от границы проектирования до УТ2.2,ОПв1.1-Н8,Н19-УТ2,,КЭВ,FF3C1FCF,Перфилов А.,366.5,300-косой стык,н19-ут2,0,,
109,График сдачи ИД на участке №1 от границы проектирования до УТ2.2,ОПв1.1-Н8,УТ2-УТ2.2,,,,Перфилов А.,454.3,120-сварочная докум.,ут2-ут2.2,0,,
113,График сдачи ИД на участке №1 от границы проектирования до УТ2.2,Н34-УТ2.2,Прочие работы в рамках участка,,,,Денисов М./Перфилов А.,265.2,42-пробные сваи,прочие работы в рамках участка,0,,
115,График сдачи ИД на участке №1 от границы проектирования до УТ2.2,Н34-УТ2.2,Обвязка камер,,нет,,Байпасы КРВ,0,,обвязка камер,0,,
116,График сдачи ИД на участке №1 от границы проектирования до УТ2.2,Н34-УТ2.2,УТ-1,,,,Перфилов А.,5.73,,ут-1,0,,
118,График сдачи ИД на участке №1 от границы проектирования до УТ2.2,Н34-УТ2.2,УТ-1.1,,,,Перфилов А.,5.73,,ут-1.1,0,,
120,График сдачи ИД на участке №1 от границы проектирования до УТ2.2,Н34-УТ2.2,УТ-2,,,,Перфилов А.,5.73,,ут-2,0,,
122,График сдачи ИД на участке №1 от границы проектирования до УТ2.2,Н34-УТ2.2,УТ-2.1,,,,Перфилов А.,5.73,,ут-2.1,0,,
124,График сдачи ИД на участке №1 от границы проектирования до УТ2.2,Н34-УТ2.2,УТ-2.2,,,,Перфилов А.,5.73,,ут-2.2,0,,
126,График сдачи ИД на участке №1 от границы проектирования до УТ2.2,Н34-УТ2.2,Обратная засыпка с планировкой территории,,нет,,,22.33,,обратная засыпка с планировкой территории,0,,
130,График сдачи ИД на участке №2 от УТ2.2 до УТ4,Камеры,КР1,,,,Болтик В.,5.54,318-повр.защ.изол.,кр1,2,982;1476,Камеры;Обвязка
132,График сдачи ИД на участке №2 от УТ2.2 до УТ4,Камеры,УТ-3,,,,Болтик В.,9.04,318-повр.защ.изол.;348-измен.плиты покрытия;381-протечка воды,ут-3,0,,
134,График сдачи ИД на участке №2 от УТ2.2 до УТ4,Камеры,КД 14,,,,Болтик В.,0.32,,кд 14,0,,
136,График сдачи ИД на участке №2 от УТ2.2 до УТ4,Камеры,КМ3,Н,,,Болтик В.,5.7,262-соглас.ХабУпрАвтодор,км3,2,984;1477,Камеры;Обвязка
138,График сдачи ИД на участке №2 от УТ2.2 до УТ4,Камеры,КР2,,,,Болтик В.,7.07,"262- нет соглас.ХабУпрАвтодора;261-шаг армиров.;314-недост.зазор при выходе т1, Т2",кр2,2,985;1478,Камеры;Обвязка
142,График сдачи ИД на участке №2 от УТ2.2 до УТ4,Камеры,УТ4,Н,,,Болтик В.,18.46,210+316-откл.план-выс.отметок;318-повр.защ.изол.;141-оклон. В шаге армиров.,ут4,3,986;1480;2229,Камеры;Обвязка;Электрика
145,График сдачи ИД на участке №2 от УТ2.2 до УТ4,Трубопровод,"УТ2.2-КР1, УТ3-КМ3, КР2-УТ4",,КЭВ,FF3C1FCF,Перфилов А.,208.28,74-сварочнвая докум.;188-утв.ПМИ;220-ЖСР,"ут2.2-кр1, ут3-км3, кр2-ут4",0,,
151,График сдачи ИД на участке №2 от УТ2.2 до УТ4,Трубопровод,Прочие работы в рамках участка,,,,Денисов М./Перфилов А.,39.29,353-наруш.входа футляра в лоток,прочие работы в рамках участка,0,,
154,График сдачи ИД на участке №2 от УТ2.2 до УТ4,Обвязка камер,КР1,,,,Перфилов А.,5.73,,кр1,2,982;1476,Камеры;Обвязка
156,График сдачи ИД на участке №2 от УТ2.2 до УТ4,Обвязка камер,УТ-3,Н,,,Перфилов А.,5.73,,ут-3,0,,
158,График сдачи ИД на участке №2 от УТ2.2 до УТ4,Обвязка камер,КМ3,,,,Перфилов А.,5.73,,км3,2,984;1477,Камеры;Обвязка
160,График сдачи ИД на участке №2 от УТ2.2 до УТ4,Обвязка камер,КР2,,,,Перфилов А.,5.73,,кр2,2,985;1478,Камеры;Обвязка
162,График сдачи ИД на участке №2 от УТ2.2 до УТ4,Обвязка камер,УТ4,Н,,,Перфилов А.,5.73,,ут4,3,986;1480;2229,Камеры;Обвязка;Электрика
164,График сдачи ИД на участке №2 от УТ2.2 до УТ4,Обвязка камер,Обратная засыпка с планировкой территории,,в работе,,,2.5,,обратная засыпка с планировкой территории,0,,
168,График сдачи ИД на участке №3 от УТ4 до КМ5,Опоры,Н57,фм,,,Денисов,0.67,,н57,2,364;1458,1. ОПН;Н
170,График сдачи ИД на участке №3 от УТ4 до КМ5,Опоры,ОПн254-273.1,фм,,,Мирошник Т.,6.43,225-расхожд.план-высот.отметок,опн254-273.1,0,,
172,График сдачи ИД на участке №3 от УТ4 до КМ5,Опоры,"Н70, 71, 76",фм,,,Мирошник Т.,2.65,225-расхожд.план-высот.отметок,"н70, 71, 76",0,,
174,График сдачи ИД на участке №3 от УТ4 до КМ5,Опоры,"Н72, Н77",фм,,,Ефремов А.,2,,"н72, н77",0,,
176,График сдачи ИД на участке №3 от УТ4 до КМ5,Опоры,ОПн274-299,фм,,,Мирошник Т.,6.72,,опн274-299,0,,
178,График сдачи ИД на участке №3 от УТ4 до КМ5,Опоры,Н73-75,фм,,,Ефремов А.,2.61,,н73-75,0,,
180,График сдачи ИД на участке №3 от УТ4 до КМ5,Опоры,ОПн300-304,фм,,,Мирошник Т.,1.76,,опн300-304,0,,
182,График сдачи ИД на участке №3 от УТ4 до КМ5,Опоры,"ОПв24.1, 25, 26",фм,,,Мирошник Т.,7.98,,"опв24.1, 25, 26",0,,
185,График сдачи ИД на участке №3 от УТ4 до КМ5,Камеры,УТ10,,Подписано 80%,FF92D050,Болтик В.,6.46,210-откл.план-выс.отметок;316-откл.план-выс.отметок;377-кирп.кладка вент.шахт,ут10,3,992;1486;2235,Камеры;Обвязка;Электрика
187,График сдачи ИД на участке №3 от УТ4 до КМ5,Камеры,УТ11,Н,Подписано 85%,FF92D050,Болтик В.,7.57,196-отклон.в армиров.;316-откл.план-выс.отметок,ут11,3,993;1487;2236,Камеры;Обвязка;Электрика
191,График сдачи ИД на участке №3 от УТ4 до КМ5,Камеры,УТ12,Н,Подписано 90%,FF92D050,Болтик В.,7.47,316-откл.план-выс.отметок;328-поврежд.внутр.изол.,ут12,3,994;1488;2237,Камеры;Обвязка;Электрика
193,График сдачи ИД на участке №3 от УТ4 до КМ5,Камеры,УТ13,Н,Подписано 90%,FF92D050,Болтик В.,7.49,,ут13,3,995;1489;2238,Камеры;Обвязка;Электрика
199,График сдачи ИД на участке №3 от УТ4 до КМ5,Камеры,КР2.1,Н,,,Болтик В.,6.05,184-крепл.откосов котлов.;335-затопление;275-откл.в армиров.,кр2.1,2,996;1490,Камеры;Обвязка
201,График сдачи ИД на участке №3 от УТ4 до КМ5,Камеры,КМ4,,,,Болтик В.,5.38,184-крепл.откосов котлов.,км4,2,997;1491,Камеры;Обвязка
203,График сдачи ИД на участке №3 от УТ4 до КМ5,Камеры,УТ15,,Подписано 85%,FF92D050,Болтик В.,7.19,,ут15,2,998;1492,Камеры;Обвязка
207,График сдачи ИД на участке №3 от УТ4 до КМ5,Камеры,УТ15.1,,Подписано до плит пекрытия,FF92D050,Болтик В.,4.97,110-отклон.при армиров.;362-армир.плиты покрытия,ут15.1,2,999;1493,Камеры;Обвязка
209,График сдачи ИД на участке №3 от УТ4 до КМ5,Камеры,УТ15.2,,Подписано до плит пекрытия,FF92D050,Болтик В.,5.32,361-армир.плиты покрытия,ут15.2,2,1000;1494,Камеры;Обвязка
213,График сдачи ИД на участке №3 от УТ4 до КМ5,Камеры,КР3,Н,,,Болтик В.,5.9,347-отклон.план-выс.отметок,кр3,2,1001;1495,Камеры;Обвязка
215,График сдачи ИД на участке №3 от УТ4 до КМ5,Камеры,УТ16,Н,Подписано 85%,FF92D050,Болтик В.,6.58,347-отклон.план-выс.отметок;325-оклеечн.изоляция,ут16,2,1002;1496,Камеры;Обвязка
217,График сдачи ИД на участке №3 от УТ4 до КМ5,Камеры,КМ5,,,,Болтик В.,5.55,365-обр. засыпка;377-кирп.кладка вент.шахт,км5,3,1003;1497;2239,Камеры;Обвязка;Электрика
220,График сдачи ИД на участке №3 от УТ4 до КМ5,Трубопровод,"УТ12-КМ4, УТ15-УТ15.1",,КЭВ,FF3C1FCF,Перфилов А.,439.88,,"ут12-км4, ут15-ут15.1",0,,
224,График сдачи ИД на участке №3 от УТ4 до КМ5,УТ4-УТ12,КМ4-УТ15,,КРВ,theme6,Перфилов А.,77.56,84-ЖСР,км4-ут15,2,977;1520,Изоляция;СОДК
230,График сдачи ИД на участке №3 от УТ4 до КМ5,Н76-УТ15.2,УТ15.2-КМ5,,КЭВ,FF3C1FCF,Перфилов А.,65.04,,ут15.2-км5,0,,
233,График сдачи ИД на участке №3 от УТ4 до КМ5,Н76-УТ15.2,УТ16-КМ5,,КЭВ,FF3C1FCF,Перфилов А.,,,ут16-км5,2,461;1524,СОДК;Труба Сварка
235,График сдачи ИД на участке №3 от УТ4 до КМ5,Н76-УТ15.2,Прочие работы в рамках участка,,,,Денисов М./Перфилов А.,112.1,,прочие работы в рамках участка,0,,
238,График сдачи ИД на участке №3 от УТ4 до КМ5,Обвязка камер,УТ10,,,,Перфилов А.,5.73,,ут10,3,992;1486;2235,Камеры;Обвязка;Электрика
240,График сдачи ИД на участке №3 от УТ4 до КМ5,Обвязка камер,УТ11,Н,,,Перфилов А.,5.73,,ут11,3,993;1487;2236,Камеры;Обвязка;Электрика
242,График сдачи ИД на участке №3 от УТ4 до КМ5,Обвязка камер,УТ12,Н,,,Перфилов А.,5.73,,ут12,3,994;1488;2237,Камеры;Обвязка;Электрика
244,График сдачи ИД на участке №3 от УТ4 до КМ5,Обвязка камер,УТ13,Н,,,Перфилов А.,5.73,,ут13,3,995;1489;2238,Камеры;Обвязка;Электрика
246,График сдачи ИД на участке №3 от УТ4 до КМ5,Обвязка камер,КР2.1,Н,,,Перфилов А.,5.73,,кр2.1,2,996;1490,Камеры;Обвязка
248,График сдачи ИД на участке №3 от УТ4 до КМ5,Обвязка камер,КМ4,,,,Перфилов А.,5.73,,км4,2,997;1491,Камеры;Обвязка
250,График сдачи ИД на участке №3 от УТ4 до КМ5,Обвязка камер,УТ15,,,,Перфилов А.,5.73,,ут15,2,998;1492,Камеры;Обвязка
252,График сдачи ИД на участке №3 от УТ4 до КМ5,Обвязка камер,УТ15.1,,,,Перфилов А.,5.73,,ут15.1,2,999;1493,Камеры;Обвязка
254,График сдачи ИД на участке №3 от УТ4 до КМ5,Обвязка камер,УТ15.2,,,,Перфилов А.,5.73,,ут15.2,2,1000;1494,Камеры;Обвязка
256,График сдачи ИД на участке №3 от УТ4 до КМ5,Обвязка камер,КР3,Н,,,Перфилов А.,5.73,,кр3,2,1001;1495,Камеры;Обвязка
258,График сдачи ИД на участке №3 от УТ4 до КМ5,Обвязка камер,УТ16,Н,,,Перфилов А.,5.73,,ут16,2,1002;1496,Камеры;Обвязка
260,График сдачи ИД на участке №3 от УТ4 до КМ5,Обвязка камер,КМ5,,,,Перфилов А.,5.73,,км5,3,1003;1497;2239,Камеры;Обвязка;Электрика
262,График сдачи ИД на участке №3 от УТ4 до КМ5,Обвязка камер,Обратная засыпка с планировкой территории,,нет,,,19.22,,обратная засыпка с планировкой территории,0,,
266,График сдачи ИД на участке №4 от УТ4 до УТ9,Опоры/лотки,УТ4-УТ7,,,,Денисов М.,49.36,,ут4-ут7,3,439;973;1029,Изоляция;Лотки;Труба Сварка
268,График сдачи ИД на участке №4 от УТ4 до УТ9,Опоры/лотки,УТ7-УТ9,,,,Денисов М.,27.86,227-обр.засыпка,ут7-ут9,3,440;974;1030,Изоляция;Лотки;Труба Сварка
271,График сдачи ИД на участке №4 от УТ4 до УТ9,Камеры,УТ5,,Подписано 85%,FF92D050,Болтик В.,6.47,210-откл.план-выс.отметок;316-откл.план-выс.отметок,ут5,3,987;1481;2230,Камеры;Обвязка;Электрика
273,График сдачи ИД на участке №4 от УТ4 до УТ9,Камеры,УТ6,,Подписано 70%,FF92D050,Болтик В.,6.5,316-откл.план-выс.отметок;48-врем. Здан. и сооруж,ут6,3,988;1482;2231,Камеры;Обвязка;Электрика
277,График сдачи ИД на участке №4 от УТ4 до УТ9,Камеры,УТ7,,Подписано 80%,FF92D050,Болтик В.,6.46,316-откл.план-выс.отметок;299-гермет.узла прохода,ут7,3,989;1483;2232,Камеры;Обвязка;Электрика
281,График сдачи ИД на участке №4 от УТ4 до УТ9,Камеры,УТ8,,Подписано 10%,FF92D050,Болтик В.,6.47,316-откл.план-выс.отметок;299-гермет.узла прохода,ут8,3,990;1484;2233,Камеры;Обвязка;Электрика
285,График сдачи ИД на участке №4 от УТ4 до УТ9,Камеры,УТ9,,Подписано 80%,FF92D050,Болтик В.,6.49,316-откл.план-выс.отметок;299-гермет.узла прохода,ут9,3,991;1485;2234,Камеры;Обвязка;Электрика
288,График сдачи ИД на участке №4 от УТ4 до УТ9,Трубопровод,УТ4-УТ7,,КЭВ,FF3C1FCF,Перфилов А.,190.14,120-сварочная докум.;259-оклон.в шаге армир.УМ2-1;280-предост. Утв.ПМИ,ут4-ут7,3,439;973;1029,Изоляция;Лотки;Труба Сварка
290,График сдачи ИД на участке №4 от УТ4 до УТ9,Трубопровод,УТ7-УТ9,,КЭВ,FF3C1FCF,Перфилов А.,167.35,120-сварочная докум.,ут7-ут9,3,440;974;1030,Изоляция;Лотки;Труба Сварка
292,График сдачи ИД на участке №4 от УТ4 до УТ9,Трубопровод,Прочие работы в рамках участка,,,,Денисов М./Перфилов А.,57.01,,прочие работы в рамках участка,0,,
295,График сдачи ИД на участке №4 от УТ4 до УТ9,Обвязка камер,УТ5,,,,Перфилов А.,5.73,,ут5,3,987;1481;2230,Камеры;Обвязка;Электрика
297,График сдачи ИД на участке №4 от УТ4 до УТ9,Обвязка камер,УТ6,,,,Перфилов А.,5.73,,ут6,3,988;1482;2231,Камеры;Обвязка;Электрика
299,График сдачи ИД на участке №4 от УТ4 до УТ9,Обвязка камер,УТ7,,,,Перфилов А.,5.73,336-косые стыки,ут7,3,989;1483;2232,Камеры;Обвязка;Электрика
301,График сдачи ИД на участке №4 от УТ4 до УТ9,Обвязка камер,УТ8,,,,Перфилов А.,5.73,304-стыки байпасов;306-заглушки,ут8,3,990;1484;2233,Камеры;Обвязка;Электрика
303,График сдачи ИД на участке №4 от УТ4 до УТ9,Обвязка камер,УТ9,,,,Перфилов А.,5.73,304-стыки байпасов;306-заглушки,ут9,3,991;1485;2234,Камеры;Обвязка;Электрика
305,График сдачи ИД на участке №4 от УТ4 до УТ9,Обвязка камер,Обратная засыпка с планировкой территории (земляные работы),,в работе,,Болтик В.,4.85,,обратная засыпка с планировкой территории (земляные работы),0,,
